bbb	bbb
sergio-tacchini	sergio-tacchini
sergio-tacchini	tacchini
tacchini	sergio-tacchini
indian-jeff	indian-jeff
indian-jeff	jeff
jeff	indian-jeff
greg-prince	greg-prince
greg-prince	greg
greg	greg-prince
bruins	bruins
bruins	boston-bruins
boston-bruins	bruins
philadelphia	philadelphia
ernie	ernie-s
ernie-s	ernie
penn	penn
penn	penny
penny	penn
niel	niel
niel	niel-h
niel-h	niel
peppa-pig	peppa-pig
peppa-pig	grandpa-pig
grandpa-pig	peppa-pig
chickachika	chickachika
chickachika	chikachika
chikachika	chickachika
utah	jazz
jazz	utah
redheadbaker	redheadbaker
redheadbaker	redheadbak
redheadbak	redheadbaker
detroit	detroit
detroit	detroit-red-wings
detroit-red-wings	detroit
finn-dabuzz	finn-dabuzz
finn-dabuzz	finn
finn	finn-dabuzz
babe-didrikson-zaharias	babe-didrikson-zaharias
babe-didrikson-zaharias	babe-didrikson-zahairias
babe-didrikson-zahairias	babe-didrikson-zaharias
glitterbag	glitterbag
glitterbag	goldberg
goldberg	glitterbag
mr-gerald-autler	mr-gerald-autler
mr-gerald-autler	mr-autler
mr-autler	mr-gerald-autler
sam-sloan	sam-sloan
sam-sloan	sam
sam	sam-sloan
joyner-kersee	joyner-kersee
joyner-kersee	jackie-joyner-kersee
jackie-joyner-kersee	joyner-kersee
gardner	gardner
gardner	joseph-gardner
joseph-gardner	gardner
ahmed-aslam-ali	ahmed-aslam-ali
brandon	brandon
brandon	brandon9000
brandon9000	brandon
cleveland-indians	cleveland-indians
cleveland-indians	indians
indians	cleveland-indians
los-angeles	los-angeles
mo	mo
center-for-the-performing-arts	center-for-the-performing-arts
center-for-the-performing-arts	lincoln-centers-board
center-for-the-performing-arts	lincoln-cente
center-for-the-performing-arts	lincoln-center
center-for-the-performing-arts	lincoln-center-for-the-performing-arts
lincoln-centers-board	center-for-the-performing-arts
lincoln-centers-board	lincoln-cente
lincoln-centers-board	lincoln-center
lincoln-centers-board	lincoln-center-for-the-performing-arts
lincoln-cente	center-for-the-performing-arts
lincoln-cente	lincoln-centers-board
lincoln-cente	lincoln-center
lincoln-cente	lincoln-center-for-the-performing-arts
lincoln-center	center-for-the-performing-arts
lincoln-center	lincoln-centers-board
lincoln-center	lincoln-cente
lincoln-center	lincoln-center-for-the-performing-arts
lincoln-center-for-the-performing-arts	center-for-the-performing-arts
lincoln-center-for-the-performing-arts	lincoln-centers-board
lincoln-center-for-the-performing-arts	lincoln-cente
lincoln-center-for-the-performing-arts	lincoln-center
olympic	olympic
olympic	olympics
olympics	olympic
lakers	lakers
lakers	los-angeles-lakers
los-angeles-lakers	lakers
pat	pat
pat	pat-mccarthy
pat-mccarthy	pat
mann-center-for-the-performing-arts-o	mann-center-for-the-performing-arts-o
mann-center-for-the-performing-arts-o	mann-center
mann-center-for-the-performing-arts-o	philadelphias-mann-center-for-the-performing-arts
mann-center	mann-center-for-the-performing-arts-o
mann-center	philadelphias-mann-center-for-the-performing-arts
philadelphias-mann-center-for-the-performing-arts	mann-center-for-the-performing-arts-o
philadelphias-mann-center-for-the-performing-arts	mann-center
immanuel	immanuel
geneviev	geneviev
geneviev	genevieve
genevieve	geneviev
charleston-battery	charleston-battery
charleston-battery	charleston
charleston	charleston-battery
union	union
union	philadelphia-union
philadelphia-union	union
newton	newton
australian-aboriginal	australian-aboriginal
australian-aboriginal	aboriginal
aboriginal	australian-aboriginal
steve-41oo	steve-41oo
steve-41oo	steve
steve	steve-41oo
saints	saints
@jtt	@jtt
@jtt	jtt
jtt	@jtt
kentucky	kentucky
jamil-abdullah-al-amin	jamil-abdullah-al-amin
jamil-abdullah-al-amin	h-rap-brown
brown	h-rap-brown
h-rap-brown	brown
clayton-williams	clayton-williams
clayton-williams	williams
williams	clayton-williams
midland-school-district	midland-school-district
midland-school-district	midland-school-board
midland-school-board	midland-school-district
jerome-hancock	jerome-hancock
jerome-hancock	mr-hancock
mr-hancock	jerome-hancock
red-sox	red-sox
red-sox	red-sux
red-sux	red-sox
heat	heat
heat	miami
miami	heat
washington	washington
richmond	richmond
richmond	cedric-richmond
cedric-richmond	richmond
trevor-aston	trevor-aston
trevor-aston	aston
aston	trevor-aston
oscar	oscar
oscar	oscar-wao
oscar-wao	oscar
@h2o-man	@h2o-man
@h2o-man	h2oman
@h2o-man	h2o-man
h2oman	@h2o-man
h2oman	h2o-man
h2o-man	@h2o-man
h2o-man	h2oman
paul-berg	paul-berg
bob-edwards	bob-edwards
bob-edwards	robert-edwards
robert-edwards	bob-edwards
john-tukey	john-tukey
john-tukey	william-tukey
william-tukey	john-tukey
golden-state-warriors	golden-state-warriors
golden-state-warriors	warriors
golden-state-warriors	golden-state
warriors	golden-state-warriors
golden-state	golden-state-warriors
joseph-henry-burgess	joseph-henry-burgess
joseph-henry-burgess	cookie-bandit
tiger-woods	tiger-woods
tiger-woods	tiger
tiger	tiger-woods
magic	magic
magic	orlando-magic
magic	orlando
orlando-magic	magic
orlando-magic	orlando
orlando	magic
orlando	orlando-magic
dove	dove
dove	kenneth-dover
dove	dover
kenneth-dover	dove
kenneth-dover	dover
dover	dove
dover	kenneth-dover
firefly	firefly
firefly	@firefly
@firefly	firefly
m-ichael-drake	m-ichael-drake
m-ichael-drake	drake
drake	m-ichael-drake
dover-international-speedway	dover-international-speedway
t-dover-i	t-dover
t-dover-i	dover
t-dover	t-dover-i
t-dover	dover
dover	dover-international-speedway
dover	t-dover-i
dover	t-dover
steve-jordon	steve-jordon
steve-jordon	omaha-steve
omaha-steve	steve-jordon
new-york	new-york
new-york	ny
ny	new-york
7news	7news
7news	7news-investigators
denverchannelcom	thedenverchannelcom
7news-investigators	7news
thedenverchannelcom	denverchannelcom
talkie	talk
talk	talkie
sue-garber	sue-garber
sue-garber	garber
garber	sue-garber
beers	beers
beers	fw-beers
fw-beers	beers
minnesota	minnesota
orlando-pownal	orlando-pownal
orlando-pownal	orlando
orlando	orlando-pownal
mir-aimal-kansi	mir-aimal-kansi
mir-aimal-kansi	kansi
kansi	mir-aimal-kansi
tennessee	tennessee
north-america	north-america
north-america	north-american
north-american	north-america
athabasca-oil-sands	athabasca-oil-sands
athabasca-oil-sands	athabasca-oil
athabasca-oil	athabasca-oil-sands
merry-andrew	merry-andrew
merry-andrew	merry
merry	merry-andrew
grant-hill	grant-hill
grant-hill	brian-hill
ophelia-doe	ophelia-doe
ophelia-doe	doe-ophelia
doe-ophelia	ophelia-doe
jeff-jr	jeff-jr
minnesota	minnesota
minnesota	minnesotans
minnesotans	minnesota
feldmet	feldmet
feldmet	josh-feldmeth
josh-feldmeth	feldmet
memphis	memphis
kathryn	kathryn
kathryn	kathryn-skelton
kathryn-skelton	kathryn
cao	cao
cao	joseph-cao
joseph-cao	cao
baltimore-colts	baltimore-colts
baltimore-colts	colts
colts	baltimore-colts
emily-rices	emily-rices
emily-rices	emily-i
emily-rices	emily-rice
emily-rices	emilys
emily-i	emily-rices
emily-i	emily-rice
emily-i	emilys
emily-rice	emily-rices
emily-rice	emily-i
emily-rice	emilys
emilys	emily-rices
emilys	emily-i
emilys	emily-rice
packers	packers
packers	green-bay-packers
green-bay-packers	packers
dutchess-bank	dutchess-bank
dutchess-bank	dutchess-bank-r
dutchess-bank-r	dutchess-bank
kickstart	kickstart
kickstart	kickemstart
kickemstart	kickstart
knicks	knicks
bra	bra
copz	copz
copz	copzgirl
copzgirl	copz
goldring-woldenberg-institute-of-southern-jewish-life	goldring-woldenberg-institute-of-southern-jewish-life
goldring-woldenberg-institute-of-southern-jewish-life	goldring-woldenberg-institute-of-southern-jewish-lif
goldring-woldenberg-institute-of-southern-jewish-lif	goldring-woldenberg-institute-of-southern-jewish-life
pats	pats
pats	patriots
patriots	pats
pennsylvania	pennsylvania
pennsylvania	pa
pa	pennsylvania
arkansas-department-of-educatio	arkansas-department-of-educatio
arkansas-department-of-educatio	rkansas-department-of-education
arkansas-department-of-educatio	arkansas-school-board-association
arkansas-department-of-educatio	state-education-departmen
rkansas-department-of-education	arkansas-department-of-educatio
rkansas-department-of-education	arkansas-school-board-association
rkansas-department-of-education	state-education-departmen
arkansas-school-board-association	arkansas-department-of-educatio
arkansas-school-board-association	rkansas-department-of-education
state-education-departmen	arkansas-department-of-educatio
state-education-departmen	rkansas-department-of-education
dave-nichols	dave-nichols
dave-nichols	daven
daven	dave-nichols
mr-thomas	mr-thomas
mr-thomas	willie-thomas
willie-thomas	mr-thomas
alan-beagle	alan-beagle
alan-beagle	beagle
alan-beagle	c-alan-beagle
alan-beagle	alan
beagle	alan-beagle
beagle	c-alan-beagle
beagle	alan
c-alan-beagle	alan-beagle
c-alan-beagle	beagle
c-alan-beagle	alan
alan	alan-beagle
alan	beagle
alan	c-alan-beagle
dr-mitchel	dr-mitchel
dr-mitchel	dr-charles-p-mitchel
dr-charles-p-mitchel	dr-mitchel
turkey	turkey
turkey	william-tukey
william-tukey	turkey
michigan-state-fair	michigan-state-fair
michigan-state-fair	state-fair
michigan-state-fair	mich-state-fair
state-fair	michigan-state-fair
state-fair	mich-state-fair
mich-state-fair	michigan-state-fair
mich-state-fair	state-fair
john-tukey	john-tukey
john-tukey	william-tukey
william-tukey	john-tukey
bill-keating	bill-keating
bill-keating	william-r-keating
frank-bennack-jr	frank-bennack-jr
frank-bennack-jr	bennack
bennack	frank-bennack-jr
antonio	antonio
antonio	michail-antonio
michail-antonio	antonio
wiccans	wiccans
wiccans	wiccan
wiccan	wiccans
portland	portland
noddy	noddy
mccance	mccance
mccance	clint-mccance
clint-mccance	mccance
ind	ind
ind	indiana
indiana	ind
meshaliu	meshaliu
meshaliu	mesh
mesh	meshaliu
myers	myers
myers	twymon-ford-myers
twymon-ford-myers	myers
juan-garcia-abrego	juan-garcia-abrego
juan-garcia-abrego	garcia-abrego
garcia-abrego	juan-garcia-abrego
set	set
set	setanta
setanta	set
rodeman-rodman	rodeman-rodman
rodeman-rodman	rodeman
rodeman	rodeman-rodman
bucks	bucks
wolverhampton-wanderers	wolverhampton-wanderers
wolverhampton-wanderers	wolves
wolves	wolverhampton-wanderers
malibu-man	malibu-man
malibu-man	malibuman
malibuman	malibu-man
randy-rashad-frazier-gaines	randy-rashad-frazier-gaines
randy-rashad-frazier-gaines	randy-rashad-gaines
randy-rashad-frazier-gaines	randy-rashad
randy-rashad-gaines	randy-rashad-frazier-gaines
randy-rashad-gaines	randy-rashad
randy-rashad	randy-rashad-frazier-gaines
randy-rashad	randy-rashad-gaines
spurs	spurs
spurs	san-antonio-spurs
san-antonio	san-antonio-spurs
san-antonio-spurs	spurs
san-antonio-spurs	san-antonio
arabia	arabia
arabia	ohn-arabia
ohn-arabia	arabia
parole-division	parole-division
parole-division	parole-board-forum
parole-division	parole-board
parole-board-forum	parole-division
parole-board-forum	parole-board
parole-board	parole-division
parole-board	parole-board-forum
bright-automotive	bright-automotive
bright-automotive	coda-automotive
bright-automotive	bright
coda-automotive	bright-automotive
coda-automotive	bright
bright	bright-automotive
bright	coda-automotive
@finn-dabuzz	@finn-dabuzz
ore	ore
ore	oregon
oregon	ore
cavaliers	cavaliers
cavaliers	cleveland-cavaliers
cavaliers	cleveland
cleveland-cavaliers	cavaliers
cleveland-cavaliers	cleveland
cleveland	cavaliers
cleveland	cleveland-cavaliers
dan	dan
anne-e-hathaway	anne-e-hathaway
anne-e-hathaway	ann-hathaway
ann-hathaway	anne-e-hathaway
england	england
england	english
britain	british
english	england
british	britain
great-guru	great-guru
great-guru	great-oracle
-warren-buffett	warren-buffett
-warren-buffett	-warren-buffet
warren-buffett	-warren-buffett
warren-buffett	-warren-buffet
great-oracle	great-guru
-warren-buffet	-warren-buffett
-warren-buffet	warren-buffett
bank-of-america	bank-of-america
bank-of-america	bank-of-america-corp
bank-of-america-corp	bank-of-america
britain	britain
afghan	afghan
afghan	afghans
afghan	afghanistan
afghans	afghan
afghans	afghanistan
afghanistan	afghan
afghanistan	afghans
jackie-joyner-kersee-wikipedia	jackie-joyner-kersee-wikipedia
jackie-joyner-kersee-wikipedia	wikipedia
wikipedia	jackie-joyner-kersee-wikipedia
lubbock-texas	lubbock-texas
lubbock-texas	lubbock
lubbock	lubbock-texas
hitler	hitler
hitler	adolf-hitler
adolf-hitler	hitler
richmond-va	richmond-va
richmond-va	richmond
richmond	richmond-va
franklin-roosevelt	franklin-roosevelt
franklin-roosevelt	franklin-d-roosevelt
franklin-d-roosevelt	franklin-roosevelt
berkshire-hathaway-inc	berkshire-hathaway-inc
berkshire-hathaway-inc	berkshires
berkshires	berkshire-hathaway-inc
george-washington	george-washington
george-washington	washington
washington	george-washington
bethesda	bethesda
bethesda	bethesda-maryland
bethesda-maryland	bethesda
plymouth-argyle	plymouth-argyle
plymouth-argyle	plymouth-argyle-club
plymouth-argyle-club	plymouth-argyle
scotland-yard	scotland-yard
british-police	police
police	british-police
miller	miller
miller	shannon-miller
shannon-miller	miller
cam-newton	cam-newton
cam-newton	cameron-newton
cameron-newton	cam-newton
buffetts	buffetts
buffetts	jimmy-buffett
jimmy-buffett	buffetts
usc	usc
walt-disney-company	walt-disney-company
walt-disney-company	walt-disney
walt-disney	walt-disney-company
columbia	columbia
columbia	colombia
colombian-government	columbia
colombian-government	colombia
colombia	columbia
colombia	colombian-government
new-jersey	new-jersey
new-jersey	jersey
jersey	new-jersey
ted-bundy	ted-bundy
ted-bundy	bundy
bundy	ted-bundy
rhul	rhul
icu-road-world	icu-road-world
icu-road-world	icu
icu	icu-road-world
boston-herald	boston-herald
boston-herald	the-boston-herald
the-boston-herald	boston-herald
hillary-clinton	hillary-clinton
hillary-clinton	clinton
hillary-clinton	hillary-r-clinton
clinton	hillary-clinton
clinton	hillary-r-clinton
hillary-r-clinton	hillary-clinton
hillary-r-clinton	clinton
orlando-magic	orlando-magic
orlando-magic	orlando
orlando	orlando-magic
joe-johnson	joe-johnson
abi-breslin	abi-breslin
abi-breslin	abigail-breslin
abigail-breslin	abi-breslin
european-union	european-union
european-union	european-commission
ike	ike
dwight-david-eisenhower	dwight-d-eisenhower
dwight-david-eisenhower	eisenhower
dwight-d-eisenhower	dwight-david-eisenhower
dwight-d-eisenhower	eisenhower
eisenhower	dwight-david-eisenhower
eisenhower	dwight-d-eisenhower
franklin-tennessee	franklin-tennessee
franklin-tennessee	franklin-tn
franklin-tennessee	franklin
franklin-tn	franklin-tennessee
franklin-tn	franklin
franklin	franklin-tennessee
franklin	franklin-tn
condoleezza-rice	condoleezza-rice
condoleezza-rice	rice
rice	condoleezza-rice
newt	newt
trump-national-golf-club-bedminste	trump-national-golf-club-bedminste
trump-national-golf-club-bedminste	trump-national-golf
trump-national-golf	trump-national-golf-club-bedminste
aretha-franklin	aretha-franklin
aretha-franklin	-lt-p-gt-aretha-franklin
aretha-franklin	franklin
-lt-p-gt-aretha-franklin	aretha-franklin
-lt-p-gt-aretha-franklin	franklin
franklin	aretha-franklin
silver-spring-md	silver-spring-md
silver-spring-md	silver-spring
silver-spring	silver-spring-md
california	california
california	calif
calif	california
fc-dallas	fc-dallas
fc-dallas	dallas
dallas	fc-dallas
ohio-state-university-buckeyes	ohio-state-university-buckeyes
ohio-state-university-buckeyes	ohio-state-university
ohio-state-university	ohio-state-university-buckeyes
shaq	shaq
shaq	shaquille-oneal
shaq	oneal
shaquille-oneal	shaq
shaquille-oneal	oneal
oneal	shaquille-oneal
rome	rome
george-washington-carver	george-washington-carver
george-washington-carver	george-washington
george-washington-carver	washington
george-washington-carver	georgie
george-washington	george-washington-carver
george-washington	washington
george-washington	georgie
washington	george-washington-carver
washington	george-washington
washington	georgie
georgie	george-washington-carver
georgie	george-washington
georgie	washington
boston	boston
boston	boston-ma
boston-ma	boston
democrats	democrats
democrats	democratic
democratic	democrats
springfield-missouri	springfield-missouri
springfield-missouri	springfield
springfield	springfield-missouri
county-sheriffs-department	county-sheriffs-department
county-sheriffs-department	denver-police-district-3
county-sheriffs-department	denver-sheriffs-department
denver-police-district-3	county-sheriffs-department
denver-police-district-3	denver-sheriffs-department
denver-sheriffs-department	county-sheriffs-department
denver-sheriffs-department	denver-police-district-3
britain	britain
britain	british
british	britain
norfolk	norfolk
norfolk	norfolk-virginia
norfolk-virginia	norfolk
cupar	cupar
cupar	cupar-scotland
cupar-scotland	cupar
angela-davis	angela-davis
angela-davis	davis
davis	angela-davis
florida	florida
canada	canada
canada	canadian
canada	canada-f
canadian	canada
canadian	canada-f
canada-f	canada
canada-f	canadian
eisemann-schier	eisemann-schier
eisemann-schier	ruth-eisemann-schier
ruth-eisemann-schier	eisemann-schier
university-of-st-andrews	university-of-st-andrews
university-of-st-andrews	st-andrews
st-andrews	university-of-st-andrews
columbia	columbia
columbia	columbia-u
columbia	columbia-university
columbia-u	columbia
columbia-u	columbia-university
columbia-university	columbia
columbia-university	columbia-u
whoopi-goldberg	whoopi-goldberg
whoopi-goldberg	whoppi
whoopi-goldberg	whoopie
whoopi-goldberg	bernie-goldberg
whoppi	whoopi-goldberg
whoppi	whoopie
whoopie	whoopi-goldberg
whoopie	whoppi
whoopie	bernie-goldberg
bernie-goldberg	whoopi-goldberg
charleston	charleston
charleston	charleston-south-carolina
charleston-south-carolina	charleston
portland-room	portland-room
portland-room	city-of-portland
portland-room	portland
city-of-portland	portland-room
city-of-portland	portland
portland	portland-room
portland	city-of-portland
joy-beher	joy-beher
joy-beher	joy-behar
joy-behar	joy-beher
dover-pennsylvania	dover-pennsylvania
dover-pennsylvania	dover
dover	dover-pennsylvania
studio	studio
san-francisco	san-francisco
atlantic-city-nj	atlantic-city-nj
atlantic-city-nj	atlantic-city
atlantic-city	atlantic-city-nj
shangha	shangha
shangha	shanghai
shanghai	shangha
university-of-north-carolina	university-of-north-carolina
university-of-north-carolina	north-carolina-university
university-of-north-carolina	north-carolina
north-carolina-university	university-of-north-carolina
north-carolina-university	north-carolina
north-carolina	university-of-north-carolina
north-carolina	north-carolina-university
university-of-heidelberg	university-of-heidelberg
university-of-heidelberg	heidelberg
heidelberg	university-of-heidelberg
abraham-lincoln	abraham-lincoln
abraham-lincoln	abraham-lincoln-presidential-library
abraham-lincoln	lincoln
abraham-lincoln	a-lincoln
abraham-lincoln-presidential-library	abraham-lincoln
abraham-lincoln-presidential-library	lincoln
abraham-lincoln-presidential-library	a-lincoln
lincoln	abraham-lincoln
lincoln	abraham-lincoln-presidential-library
lincoln	a-lincoln
a-lincoln	abraham-lincoln
a-lincoln	abraham-lincoln-presidential-library
a-lincoln	lincoln
australian	australian
australian	australians
australians	australian
durham-university	durham-university
durham-university	durham
durham	durham-university
putney	putney
university-of-st-andrews	university-of-st-andrews
university-of-st-andrews	st-andrews-university
university-of-st-andrews	st-andrews
st-andrews-university	university-of-st-andrews
st-andrews-university	st-andrews
st-andrews	university-of-st-andrews
st-andrews	st-andrews-university
springfield-illinois	springfield-illinois
springfield-illinois	springfield
springfield	springfield-illinois
russians	russians
russians	russian
russian	russians
phillipines	phillipines
phillipines	phillipine
phillipines	philippines
phillipine	phillipines
phillipine	philippines
philippines	phillipines
philippines	phillipine
dick	dick
dick	dick-nixon
dick	tricky-dicky
dick	tricky-dick
dick-nixon	dick
dick-nixon	tricky-dicky
dick-nixon	tricky-dick
tricky-dicky	dick
tricky-dicky	dick-nixon
tricky-dicky	tricky-dick
tricky-dick	dick
tricky-dick	dick-nixon
tricky-dick	tricky-dicky
iraq	iraq
iraq	iraqi
iraqi	iraq
rosie-odonnell	rosie-odonnell
rosie-odonnell	rosie-odonnel
rosie-odonnel	rosie-odonnell
ion-gruffudd	ion-gruffudd
ion-gruffudd	ioan-gruffudd
ioan-gruffudd	ion-gruffudd
ronald-reagan	ronald-reagan
ronald-reagan	reagan
reagan	ronald-reagan
gretzy	gretzy
gretzy	wayne-gretsky
gretzy	wayne-gretzky
wayne-gretsky	gretzy
wayne-gretsky	wayne-gretzky
wayne-gretzky	gretzy
wayne-gretzky	wayne-gretsky
disney-animation	disney-animation
disney-animation	roy-edward-disney
roy-edward-disney	disney-animation
newport-beach	newport-beach
newport-beach	newport-beach-calif
newport-beach-calif	newport-beach
japanese	japanese
japanese	japan
japan	japanese
republicans	republicans
republicans	republican-national-committee
republican-national-committee	republicans
michael-jordon	michael-jordon
michael-jordon	michael-jordan
michael-jordan	michael-jordon
associated-press	associated-press
police	police
police	state-police
state-police	police
the-academy-of-motion-picture-arts-and-sciences	the-academy-of-motion-picture-arts-and-sciences
lyndon-b-johnson	lyndon-b-johnson
lyndon-b-johnson	lyndon-johnson
lyndon-johnson	lyndon-b-johnson
mich	mich
mich	michigan
michigan	mich
cuban	cuban
cuban	cuba
cuba	cuban
manchester-united	manchester-united
manchester-united	united
united	manchester-united
united	manchester-utd
manchester-utd	manchester-united
uf	uf
national-basketball-association	national-basketball-association
nba	nba-history
johnny-carson	johnny-carson
johnny-carson	carsons
carsons	johnny-carson
franklin-delano-roosevelt	franklin-delano-roosevelt
franklin-delano-roosevelt	franklin-roosevelt
franklin-roosevelt	franklin-delano-roosevelt
barack-obama	barack-obama
barack-obama	obama
barack-obama	barak
obama	barack-obama
obama	barak
barak	barack-obama
barak	obama
magic	magic
magic	magic-johnson
magic	earvin-magic-johnson
magic-johnson	magic
magic-johnson	earvin-magic-johnson
earvin-magic-johnson	magic
earvin-magic-johnson	magic-johnson
portland-timbers	portland-timbers
portland-timbers	portland
portland	portland-timbers
gordie-howe	gordie-howe
gordie-howe	gordie-how
gordie-how	gordie-howe
plymouth-argyle	plymouth-argyle
plymouth-argyle	plymouth
plymouth	plymouth-argyle
brownsville	brownsville
brownsville	brownsville-texas
brownsville-texas	brownsville
harvard	harvard
harvard	harvard-university
harvard-university	harvard
ucla-medical-center	ucla-medical-center
ucla-medical-center	ucla
ucla	ucla-medical-center
the-university-of-edinburgh	the-university-of-edinburgh
the-university-of-edinburgh	edinburgh
edinburgh	the-university-of-edinburgh
mperial-college	imperial-college
imperial-college	mperial-college
los-angeles	los-angeles
mexico	mexican
mexican	mexico
oceanside	oceanside-california
oceanside-california	oceanside
jeffrey-d-perry	jeffrey-d-perry
jeffrey-d-perry	jeff-perry
jeff-perry	jeffrey-d-perry
fort-lauderdale-fla	fort-lauderdale-fla
fort-lauderdale-fla	fort-lauderdale-fla-at
fort-lauderdale-fla	fort-lauderdale
fort-lauderdale-fla-at	fort-lauderdale-fla
fort-lauderdale-fla-at	fort-lauderdale
fort-lauderdale	fort-lauderdale-fla
fort-lauderdale	fort-lauderdale-fla-at
new-york	new-york
lyle-and-scott	lyle-and-scott
lyle-and-scott	lyle-n-scott
lyle-n-scott	lyle-and-scott
richmond	richmond
richmond	richmond-f
richmond-f	richmond
harry-s-truman	harry-s-truman
harry-s-truman	eisenhower-trueman
eisenhower-trueman	harry-s-truman
chester-a-arthur-gerald-ford	chester-a-arthur-gerald-ford
chester-a-arthur-gerald-ford	gerald-ford
gerald-ford	chester-a-arthur-gerald-ford
richmond	richmond
richmond	richmond-calif
richmond-calif	richmond
daniel-day-lewis	daniel-day-lewis
daniel-day-lewis	day-lewis
day-lewis	daniel-day-lewis
john-edwards	john-edwards
john-edwards	jon-edwards
jon-edwards	john-edwards
tom-eagleton	tom-eagleton
tom-eagleton	thomas-f-eagleton
thomas-f-eagleton	tom-eagleton
schwarzenegger	schwarzenegger
chelsea	chelsea
andrew-cunanan	cunanan
cunanan	andrew-cunanan
jeff-van-camp-sr	jeff-jr
william-mckinley	william-mckinley
william-mckinley	william-mckinely
william-mckinley	mckinley
william-mckinely	william-mckinley
william-mckinely	mckinley
mckinley	william-mckinley
mckinley	william-mckinely
george-w-bush	george-w-bush
george-w-bush	george-bush
george-w-bush	bush
george-bush	george-w-bush
george-bush	bush
bush	george-w-bush
bush	george-bush
bush	laura-bush
laura-bush	bush
mcauley	mcauley
mcauley	macauly-kulkin
mcauley	macaulay-culkin
mcauley	macaulay-mcculkin
mcauley	macaulay
mcauley	macauley-culkin
macauly-kulkin	mcauley
macauly-kulkin	macaulay-culkin
macauly-kulkin	macaulay-mcculkin
macauly-kulkin	macaulay
macauly-kulkin	macauley-culkin
macaulay-culkin	mcauley
macaulay-culkin	macauly-kulkin
macaulay-culkin	macaulay-mcculkin
macaulay-culkin	macaulay
macaulay-culkin	macauley-culkin
macaulay-mcculkin	mcauley
macaulay-mcculkin	macauly-kulkin
macaulay-mcculkin	macaulay-culkin
macaulay-mcculkin	macaulay
macaulay-mcculkin	macauley-culkin
macaulay	mcauley
macaulay	macauly-kulkin
macaulay	macaulay-culkin
macaulay	macaulay-mcculkin
macaulay	macauley-culkin
macauley-culkin	mcauley
macauley-culkin	macauly-kulkin
macauley-culkin	macaulay-culkin
macauley-culkin	macaulay-mcculkin
macauley-culkin	macaulay
abbey	abbey-lincoln
abbey-lincoln	abbey
vancouver	vancouver-whitecaps
vancouver-whitecaps	vancouver
belmont	belmont-university
belmont-university	belmont
dr-brian-may	dr-brian-may
dr-brian-may	brian-may
brian-may	dr-brian-may
oxford	oxford
oxford	oxford-university
oxford-university	oxford
t-corpus-christi-college	corpus-christi
corpus-christi	t-corpus-christi-college
john-f-kennedy	john-f-kennedy
detroit	detroit
detroit	detroit-red-wings
detroit-red-wings	detroit
tijuana-mexico	tijuana-mexico
tijuana-mexico	tijuana
tijuana	tijuana-mexico
-midland-county	-midland-county
-midland-county	midland-county
-midland-county	midland-count
midland-county	-midland-county
midland-county	midland-count
midland-count	-midland-county
midland-count	midland-county
republican	republican
republican	republican-national-committee
gop-marketplace	gop
gop	gop-marketplace
republican-national-committee	republican
israel	israel
israel	isreal
isreal	israel
daughtry	daughtry
daughtry	chris-daughtry
chris-daughtry	daughtry
richmond	richmond
richmond	richmond-day
richmond-day	richmond
fifa	fifa
fifa	fifa-world-cup-site-re
fifa-world-cup-site-re	fifa
ramzi-ahmed-yousef	ramzi-ahmed-yousef
ramzi-ahmed-yousef	yousef
yousef	ramzi-ahmed-yousef
florida-atlantic	florida-atlantic
florida-atlantic	fau
atlanta	atlanta
atlanta	atlanta-hawks
atlanta-hawks	atlanta
german	german
german	germany
germany	german
sonoma-county	sonoma-county
sonoma-county	sonoma
sonoma	sonoma-county
aberdeen-scotland	aberdeen-scotland
aberdeen-scotland	aberdeen
aberdeen	aberdeen-scotland
springfield	springfield
jimmie-johnson	jimmie-johnson
jimmie-johnson	johnson
johnson	jimmie-johnson
richmond	richmond-virginia
richmond	richmond-2
richmond-virginia	richmond
richmond-2	richmond
jefferson	jefferson
wilt-chamberlain	wilt-chamberlain
wilt-chamberlain	wilt
wilt	wilt-chamberlain
trump-international-hotel-tower	trump-international-hotel-tower
trump-international-hotel-tower	trump
trump-international-hotel-tower	donald-trump
trump-international-hotel-tower	trump-organization
trump-international-hotel-tower	trump-c
donald-j-trump	trump
donald-j-trump	donald-trump
donald-j-trump	trump-organization
donald-j-trump	trump-c
trump	trump-international-hotel-tower
trump	donald-j-trump
trump	ivanka-trump
trump	donald-trump
trump	trump-organization
trump	trump-c
ivanka-trump	trump-international-hotel-tower
ivanka-trump	trump
ivanka-trump	trump-organization
ivanka-trump	trump-c
donald-trump	donald-j-trump
donald-trump	trump
donald-trump	trump-organization
donald-trump	trump-c
trump-organization	trump-international-hotel-tower
trump-organization	donald-j-trump
trump-organization	trump
trump-organization	ivanka-trump
trump-organization	donald-trump
trump-organization	trump-c
trump-c	donald-j-trump
trump-c	trump
trump-c	ivanka-trump
trump-c	donald-trump
trump-c	trump-organization
colorado-springs-colorado	colorado-springs-colorado
colorado-springs-colorado	colorado-springs
colorado-springs	colorado-springs-colorado
boss	boss
bruce-springsteen	springsteen
springsteen	bruce-springsteen
west-palm-beach-fla	west-palm-beach-fla
west-palm-beach-fla	west-palm-beach
west-palm-beach-fla	palm-beach
west-palm-beach	west-palm-beach-fla
west-palm-beach	palm-beach
palm-beach	west-palm-beach-fla
palm-beach	west-palm-beach
bambino	bambino
babe-ruth	babe
babe	babe-ruth
lemeiux	lemeiux
lemeiux	mario-lemieux
mario-lemieux	lemeiux
barbra-walters	barbra-walters
barbra-walters	barbara-walters
barbra-walters	babwa-wawa
barbara-walters	barbra-walters
barbara-walters	babwa-wawa
babwa-wawa	barbra-walters
babwa-wawa	barbara-walters
broward-county-fla	broward-county-fla
broward-county-fla	broward-county
broward-county	broward-county-fla
abraham-lincoln-presidential-library	abraham-lincoln-presidential-library
abraham-lincoln-presidential-library	lincoln-library
lincoln-library	abraham-lincoln-presidential-library
usa	usa
usa	us
university	university-buckeyes
university	university-of-st-andrews
university	university-of-texas-at-austin
american	america
american	americans
american	america-corp
united-states	states
university-buckeyes	university
university-buckeyes	university-of-st-andrews
university-buckeyes	university-of-texas-at-austin
america	american
america	americans
america	america-corp
states	united-states
us-league	us
americans	american
americans	america
americans	america-corp
us-study	us
university-of-st-andrews	university
university-of-st-andrews	university-buckeyes
university-of-st-andrews	university-of-texas-at-austin
university-of-texas-at-austin	university
university-of-texas-at-austin	university-buckeyes
us	usa
us	us-league
us	us-study
america-corp	american
america-corp	america
america-corp	americans
house	house
house	house-of-representatives
house-of-representatives	house
youtube	youtube
youtube	you-tube
you-tube	youtube
walt-disney-company	walt-disney-company
walt-disney-company	roy-edward-disney
roy-edward-disney	walt-disney-company
mercury-brewing-company	mercury-brewing-company
mercury-brewing-company	massachusetts
mass	massachusetts
massachusetts	mass
kentucky-wildcats	kentucky-wildcats
kentucky-wildcats	kentucky
kentucky	kentucky-wildcats
corpus-chisti	corpus-chisti
corpus-chisti	corpus-christi-texas
corpus-chisti	corpus-christi
corpus-christi-texas	corpus-chisti
corpus-christi-texas	corpus-christi
corpus-christi	corpus-chisti
corpus-christi	corpus-christi-texas
english-premier	english-premier
english-premier	premier-league
english-premier	premiership
premier-league	english-premier
premier-league	premiership
premiership	english-premier
premiership	premier-league
bob-dylan	bob-dylan
bob-dylan	dylans
dylans	bob-dylan
bird	bird
bird	larry-bird
larry-bird	bird
osama	osama
osama	osama-bin-laden
osama-bin-laden	osama
osama-bin-laden	bin-laden
bin-laden	osama-bin-laden